Timestamp;Channel;Subscribers;Total Views;Total Videos
20/04/2025 11:06;tseries;296,542,300;300,752,025,276;23,687
20/04/2025 11:06;MrBeast;405,449,490;86,325,309,982;878
20/04/2025 11:08;tseries;296,542,392;300,752,172,676;23,687
20/04/2025 11:08;MrBeast;405,449,773;86,325,392,577;878
20/04/2025 11:10;tseries;296,542,525;300,752,382,832;23,687
20/04/2025 11:10;MrBeast;405,450,203;86,325,509,828;878
23/04/2025 11:15;tseries;296,542,800;300,752,820,657;23,687
23/04/2025 11:15;MrBeast;405,451,089;86,325,752,951;878
23/04/2025 11:20;tseries;296,543,074;300,753,255,562;23,687
23/04/2025 11:20;MrBeast;405,451,905;86,325,997,998;878
23/04/2025 11:25;tseries;296,543,350;300,753,693,387;23,687
23/04/2025 11:25;MrBeast;405,452,753;86,326,247,502;878
23/04/2025 11:30;tseries;296,543,624;300,754,132,670;23,687
23/04/2025 11:30;MrBeast;405,453,564;86,326,489,896;878
24/04/2025 11:35;tseries;296,543,898;300,754,563,198;23,687
24/04/2025 11:35;MrBeast;405,454,408;86,326,740,413;878
24/04/2025 11:40;tseries;296,544,177;300,755,006,860;23,687
24/04/2025 11:40;MrBeast;405,455,198;86,326,995,524;878
24/04/2025 11:45;tseries;296,544,450;300,755,440,306;23,687
24/04/2025 11:45;MrBeast;405,455,980;86,327,246,953;878
29/04/2025 11:50;tseries;296,544,725;300,755,876,671;23,687
29/04/2025 11:50;MrBeast;405,456,787;86,327,497,666;878
29/04/2025 11:55;tseries;296,544,998;300,756,310,117;23,687
29/04/2025 11:55;MrBeast;405,457,482;86,327,735,771;878
10/05/2025 12:00;tseries;296,545,279;300,756,756,698;23,687
10/05/2025 12:00;MrBeast;405,458,208;86,327,992,274;878
10/05/2025 12:05;tseries;296,545,553;300,757,193,063;23,687
10/05/2025 12:05;MrBeast;405,458,913;86,328,230,778;878
10/05/2025 12:10;tseries;296,545,825;300,757,623,590;23,687
10/05/2025 12:10;MrBeast;405,459,603;86,328,469,751;878
10/05/2025 12:15;tseries;296,546,105;300,758,068,712;23,687
10/05/2025 12:15;MrBeast;405,460,278;86,328,708,921;878
10/05/2025 12:20;tseries;296,546,380;300,758,506,536;23,687
10/05/2025 12:20;MrBeast;405,460,892;86,328,945,961;878
11/05/2025 12:25;tseries;296,546,655;300,758,942,901;23,687
11/05/2025 12:25;MrBeast;405,461,539;86,329,206,560;878
11/05/2025 12:30;tseries;296,546,930;300,759,379,266;23,687
11/05/2025 12:30;MrBeast;405,462,205;86,329,461,326;878
20/05/2025 12:35;tseries;296,547,206;300,759,817,090;23,687
20/05/2025 12:35;MrBeast;405,462,900;86,329,699,562;878
20/05/2025 12:40;tseries;296,547,483;300,760,257,834;23,687
20/05/2025 12:40;MrBeast;405,463,587;86,329,923,493;878
20/05/2025 12:45;tseries;296,547,757;300,760,692,739;23,687
20/05/2025 12:45;MrBeast;405,461,771;86,330,179,021;878
20/05/2025 12:50;tseries;296,548,034;300,761,133,483;23,687
20/05/2025 12:50;MrBeast;405,461,213;86,330,415,088;878
20/05/2025 13:38;tseries;296,550,697;300,765,361,407;23,689
20/05/2025 13:38;MrBeast;405,466,028;86,332,722,183;878
23/05/2025 13:40;tseries;296,550,789;300,765,508,808;23,689
23/05/2025 13:40;MrBeast;405,466,191;86,332,792,228;878
23/05/2025 13:45;tseries;296,551,065;300,765,946,632;23,689
23/05/2025 13:45;MrBeast;405,466,771;86,333,024,474;878
24/05/2025 13:50;tseries;296,551,340;300,766,382,997;23,689
24/05/2025 13:50;MrBeast;405,467,337;86,333,243,421;878
24/05/2025 13:55;tseries;296,551,616;300,766,822,281;23,689
24/05/2025 13:55;MrBeast;405,467,911;86,333,490,697;878
24/05/2025 14:05;tseries;296,552,171;300,767,703,767;23,689
24/05/2025 14:05;MrBeast;405,470,521;86,334,016,857;878
24/05/2025 14:10;tseries;296,552,443;300,768,135,754;23,689
24/05/2025 14:10;MrBeast;405,473,076;86,334,239,844;878
25/05/2025 14:15;tseries;296,552,723;300,768,579,416;23,689
25/05/2025 14:15;MrBeast;405,475,544;86,334,472,797;878
25/05/2025 14:20;tseries;296,552,995;300,769,011,403;23,689
25/05/2025 14:20;MrBeast;405,477,875;86,334,721,544;878
25/05/2025 14:25;tseries;296,553,270;300,769,449,227;23,689
25/05/2025 14:25;MrBeast;405,480,282;86,334,975,397;878
25/05/2025 14:30;tseries;296,553,549;300,769,891,430;23,689
25/05/2025 14:30;MrBeast;405,482,561;86,335,219,110;878
25/05/2025 14:35;tseries;296,553,822;300,770,324,876;23,689
25/05/2025 14:35;MrBeast;405,484,707;86,335,484,778;878
27/05/2025 14:40;tseries;296,554,097;300,770,762,701;23,689
27/05/2025 14:40;MrBeast;405,486,930;86,335,738,321;878
30/05/2025 14:45;tseries;296,554,373;300,771,200,525;23,689
30/05/2025 14:45;MrBeast;405,489,072;86,335,989,483;878
30/05/2025 14:50;tseries;296,554,651;300,771,641,268;23,689
30/05/2025 14:50;MrBeast;405,491,265;86,336,230,993;878
30/05/2025 14:55;tseries;296,554,925;300,772,077,633;23,689
30/05/2025 14:55;MrBeast;405,493,392;86,336,476,413;878
02/06/2025 15:05;tseries;296,555,476;300,772,951,823;23,689
02/06/2025 15:05;MrBeast;405,497,752;86,336,921,189;878
02/06/2025 15:10;tseries;296,555,751;300,773,389,647;23,689
02/06/2025 15:10;MrBeast;405,499,794;86,337,170,974;878
02/06/2025 15:15;tseries;296,556,028;300,773,828,931;23,689
02/06/2025 15:15;MrBeast;405,501,909;86,337,413,509;878
02/06/2025 15:20;tseries;296,556,303;300,774,265,296;23,689
02/06/2025 15:20;MrBeast;405,503,938;86,337,650,631;878
03/06/2025 15:25;tseries;296,556,583;300,774,710,417;23,689
03/06/2025 15:25;MrBeast;405,505,926;86,337,887,438;878
03/06/2025 15:30;tseries;296,556,856;300,775,143,863;23,689
03/06/2025 15:30;MrBeast;405,507,803;86,338,146,636;878
03/06/2025 15:35;tseries;296,557,131;300,775,580,228;23,689
03/06/2025 15:35;MrBeast;405,509,740;86,338,387,492;878
05/06/2025 15:40;tseries;296,557,408;300,776,020,972;23,689
05/06/2025 15:40;MrBeast;405,511,658;86,338,648,894;878
05/06/2025 18:05;tseries;296,565,427;300,788,757,284;23,691
05/06/2025 18:05;MrBeast;405,555,964;86,345,779,267;878
05/06/2025 04:00;tseries;296,598,208;300,836,604,633;23,695
05/06/2025 04:00;MrBeast;405,658,477;86,390,166,444;878
05/06/2025 04:05;tseries;296,598,482;300,836,900,622;23,695
05/06/2025 04:05;MrBeast;405,658,150;86,390,307,847;878
05/06/2025 04:10;tseries;296,598,758;300,837,198,598;23,695
05/06/2025 04:10;MrBeast;405,657,763;86,390,458,002;878
05/06/2025 04:15;tseries;296,599,033;300,837,499,553;23,695
05/06/2025 04:15;MrBeast;405,657,656;86,390,604,004;878
06/06/2025 04:20;tseries;296,599,306;300,837,791,569;23,695
06/06/2025 04:20;MrBeast;405,657,686;86,390,739,261;878
06/06/2025 04:25;tseries;296,599,582;300,838,089,545;23,695
06/06/2025 04:25;MrBeast;405,657,737;86,390,872,522;878
06/06/2025 04:30;tseries;296,599,859;300,838,388,514;23,695
06/06/2025 04:30;MrBeast;405,657,795;86,391,023,087;878
06/06/2025 04:35;tseries;296,600,134;300,838,686,489;23,695
06/06/2025 04:35;MrBeast;405,657,821;86,391,176,593;878
06/06/2025 04:40;tseries;296,600,410;300,838,984,465;23,695
06/06/2025 04:40;MrBeast;405,657,954;86,391,311,486;878
06/06/2025 04:45;tseries;296,600,686;300,839,282,440;23,695
06/06/2025 04:45;MrBeast;405,658,075;86,391,457,784;878
07/06/2025 04:50;tseries;296,600,960;300,839,579,423;23,695
07/06/2025 04:50;MrBeast;405,658,184;86,391,598,073;878
07/06/2025 04:55;tseries;296,601,234;300,839,875,412;23,695
07/06/2025 04:55;MrBeast;405,658,218;86,391,737,123;878
07/06/2025 05:00;tseries;296,601,514;300,840,177,360;23,695
07/06/2025 05:00;MrBeast;405,658,208;86,391,889,099;878
07/06/2025 05:05;tseries;296,601,790;300,840,476,329;23,695
07/06/2025 05:05;MrBeast;405,658,318;86,392,031,390;878
07/06/2025 05:10;tseries;296,602,064;300,840,772,318;23,695
07/06/2025 05:10;MrBeast;405,658,498;86,392,166,528;878
07/06/2025 05:15;tseries;296,602,340;300,841,070,294;23,695
07/06/2025 05:15;MrBeast;405,658,649;86,392,310,879;878
10/06/2025 05:20;tseries;296,602,615;300,841,368,269;23,695
10/06/2025 05:20;MrBeast;405,658,819;86,392,454,561;878
10/06/2025 05:25;tseries;296,602,890;300,841,665,252;23,695
10/06/2025 05:25;MrBeast;405,658,910;86,392,593,930;878
10/06/2025 05:35;tseries;296,603,442;300,842,262,196;23,695
10/06/2025 05:35;MrBeast;405,659,310;86,392,871,699;878
12/06/2025 05:40;tseries;296,603,719;300,842,561,165;23,695
12/06/2025 05:40;MrBeast;405,659,493;86,393,015,591;878
12/06/2025 05:45;tseries;296,603,993;300,842,857,154;23,695
12/06/2025 05:45;MrBeast;405,659,704;86,393,152,145;878
12/06/2025 05:50;tseries;296,604,268;300,843,155,130;23,695
12/06/2025 05:50;MrBeast;405,659,870;86,393,296,888;878
12/06/2025 05:55;tseries;296,604,544;300,843,453,105;23,695
13/06/2025 05:55;MrBeast;405,660,056;86,393,438,849;878
13/06/2025 06:00;tseries;296,604,822;300,843,753,067;23,695
13/06/2025 06:00;MrBeast;405,660,230;86,393,589,947;878
13/06/2025 06:05;tseries;296,605,097;300,844,051,043;23,695
13/06/2025 06:05;MrBeast;405,660,539;86,393,725,756;878
13/06/2025 06:10;tseries;296,605,371;300,844,347,032;23,695
13/06/2025 06:10;MrBeast;405,660,835;86,393,868,789;878
13/06/2025 06:15;tseries;296,605,648;300,844,646,001;23,695
13/06/2025 06:15;MrBeast;405,661,164;86,394,015,859;878
15/06/2025 06:20;tseries;296,605,927;300,844,947,949;23,695
15/06/2025 06:20;MrBeast;405,661,553;86,394,147,983;878
17/06/2025 07:20;tseries;296,609,233;300,848,524,649;23,695
17/06/2025 07:20;MrBeast;405,669,008;86,395,870,328;878
17/06/2025 07:25;tseries;296,609,510;300,848,824,612;23,695
17/06/2025 07:25;MrBeast;405,669,793;86,395,997,632;878
17/06/2025 07:30;tseries;296,609,787;300,849,120,601;23,695
17/06/2025 07:30;MrBeast;405,670,577;86,396,134,590;878
17/06/2025 07:35;tseries;296,610,062;300,849,417,583;23,695
17/06/2025 07:35;MrBeast;405,671,392;86,396,263,582;878
17/06/2025 07:40;tseries;296,610,336;300,849,713,572;23,695
17/06/2025 07:40;MrBeast;405,672,332;86,396,394,833;878
